date,network,daypart,viewers
201401,A,"S,Su 8:00 AM - 1:00 PM",275
201401,B,"S,Su 8:00 AM - 1:00 PM",423
201401,A,"S,Su 6:00 AM - 8:00 AM",133
201401,B,"S,Su 6:00 AM - 8:00 AM",0
201401,A,"M,T,W,R,F,S,Su 1:00 AM - 6:00 AM",239
201401,B,"M,T,W,R,F,S,Su 1:00 AM - 6:00 AM",358
201401,A,"M,T,W,R,F,S,Su 11:00 PM - 1:00 AM",538
201401,B,"M,T,W,R,F,S,Su 11:00 PM - 1:00 AM",682
201401,A,"M,T,W,R,F,S,Su 8:00 PM - 11:00 PM",866
201401,B,"M,T,W,R,F,S,Su 8:00 PM - 11:00 PM",1519
201401,A,"M,T,W,R,F 6:00 PM - 8:00 PM",349
201401,B,"M,T,W,R,F 6:00 PM - 8:00 PM",771
201401,A,"M,T,W,R,F 4:00 PM - 6:00 PM",251
201401,B,"M,T,W,R,F 4:00 PM - 6:00 PM",518
201401,A,"M,T,W,R,F 1:00 PM - 4:00 PM",200
201401,B,"M,T,W,R,F 1:00 PM - 4:00 PM",408
201401,A,"M,T,W,R,F 10:00 AM - 1:00 PM",137
201401,B,"M,T,W,R,F 10:00 AM - 1:00 PM",371
201401,A,"M,T,W,R,F 6:00 AM - 10:00 AM",99
201401,B,"M,T,W,R,F 6:00 AM - 10:00 AM",199
201401,A,"S,Su 1:00 PM - 8:00 PM",381
201401,B,"S,Su 1:00 PM - 8:00 PM",678
201402,A,"S,Su 8:00 AM - 1:00 PM",239
201402,B,"S,Su 8:00 AM - 1:00 PM",454
201402,A,"S,Su 6:00 AM - 8:00 AM",119
201402,B,"S,Su 6:00 AM - 8:00 AM",0
201402,A,"M,T,W,R,F,S,Su 1:00 AM - 6:00 AM",242
201402,B,"M,T,W,R,F,S,Su 1:00 AM - 6:00 AM",297
201402,A,"M,T,W,R,F,S,Su 11:00 PM - 1:00 AM",494
201402,B,"M,T,W,R,F,S,Su 11:00 PM - 1:00 AM",548
201402,A,"M,T,W,R,F,S,Su 8:00 PM - 11:00 PM",818
201402,B,"M,T,W,R,F,S,Su 8:00 PM - 11:00 PM",1058
201402,A,"M,T,W,R,F 6:00 PM - 8:00 PM",345
201402,B,"M,T,W,R,F 6:00 PM - 8:00 PM",647
201402,A,"M,T,W,R,F 4:00 PM - 6:00 PM",231
201402,B,"M,T,W,R,F 4:00 PM - 6:00 PM",420
201402,A,"M,T,W,R,F 1:00 PM - 4:00 PM",189
201402,B,"M,T,W,R,F 1:00 PM - 4:00 PM",345
201402,A,"M,T,W,R,F 10:00 AM - 1:00 PM",144
201402,B,"M,T,W,R,F 10:00 AM - 1:00 PM",371
201402,A,"M,T,W,R,F 6:00 AM - 10:00 AM",101
201402,B,"M,T,W,R,F 6:00 AM - 10:00 AM",256
201402,A,"S,Su 1:00 PM - 8:00 PM",371
201402,B,"S,Su 1:00 PM - 8:00 PM",627
201403,A,"S,Su 8:00 AM - 1:00 PM",242
201403,B,"S,Su 8:00 AM - 1:00 PM",467
201403,A,"S,Su 6:00 AM - 8:00 AM",140
201403,B,"S,Su 6:00 AM - 8:00 AM",0
201403,A,"M,T,W,R,F,S,Su 1:00 AM - 6:00 AM",254
201403,B,"M,T,W,R,F,S,Su 1:00 AM - 6:00 AM",279
201403,A,"M,T,W,R,F,S,Su 11:00 PM - 1:00 AM",533
201403,B,"M,T,W,R,F,S,Su 11:00 PM - 1:00 AM",535
201403,A,"M,T,W,R,F,S,Su 8:00 PM - 11:00 PM",764
201403,B,"M,T,W,R,F,S,Su 8:00 PM - 11:00 PM",1072
201403,A,"M,T,W,R,F 6:00 PM - 8:00 PM",325
201403,B,"M,T,W,R,F 6:00 PM - 8:00 PM",536
201403,A,"M,T,W,R,F 4:00 PM - 6:00 PM",234
201403,B,"M,T,W,R,F 4:00 PM - 6:00 PM",376
201403,A,"M,T,W,R,F 1:00 PM - 4:00 PM",172
201403,B,"M,T,W,R,F 1:00 PM - 4:00 PM",330
201403,A,"M,T,W,R,F 10:00 AM - 1:00 PM",134
201403,B,"M,T,W,R,F 10:00 AM - 1:00 PM",343
201403,A,"M,T,W,R,F 6:00 AM - 10:00 AM",103
201403,B,"M,T,W,R,F 6:00 AM - 10:00 AM",249
201403,A,"S,Su 1:00 PM - 8:00 PM",405
201403,B,"S,Su 1:00 PM - 8:00 PM",610
201404,A,"S,Su 8:00 AM - 1:00 PM",284
201404,B,"S,Su 8:00 AM - 1:00 PM",399
201404,A,"S,Su 6:00 AM - 8:00 AM",138
201404,B,"S,Su 6:00 AM - 8:00 AM",0
201404,A,"M,T,W,R,F,S,Su 1:00 AM - 6:00 AM",258
201404,B,"M,T,W,R,F,S,Su 1:00 AM - 6:00 AM",303
201404,A,"M,T,W,R,F,S,Su 11:00 PM - 1:00 AM",517
201404,B,"M,T,W,R,F,S,Su 11:00 PM - 1:00 AM",601
201404,A,"M,T,W,R,F,S,Su 8:00 PM - 11:00 PM",820
201404,B,"M,T,W,R,F,S,Su 8:00 PM - 11:00 PM",1028
201404,A,"M,T,W,R,F 6:00 PM - 8:00 PM",310
201404,B,"M,T,W,R,F 6:00 PM - 8:00 PM",494
201404,A,"M,T,W,R,F 4:00 PM - 6:00 PM",221
201404,B,"M,T,W,R,F 4:00 PM - 6:00 PM",311
201404,A,"M,T,W,R,F 1:00 PM - 4:00 PM",194
201404,B,"M,T,W,R,F 1:00 PM - 4:00 PM",290
201404,A,"M,T,W,R,F 10:00 AM - 1:00 PM",160
201404,B,"M,T,W,R,F 10:00 AM - 1:00 PM",293
201404,A,"M,T,W,R,F 6:00 AM - 10:00 AM",135
201404,B,"M,T,W,R,F 6:00 AM - 10:00 AM",216
201404,A,"S,Su 1:00 PM - 8:00 PM",408
201404,B,"S,Su 1:00 PM - 8:00 PM",529
201405,A,"S,Su 8:00 AM - 1:00 PM",216
201405,B,"S,Su 8:00 AM - 1:00 PM",371
201405,A,"S,Su 6:00 AM - 8:00 AM",101
201405,B,"S,Su 6:00 AM - 8:00 AM",0
201405,A,"M,T,W,R,F,S,Su 1:00 AM - 6:00 AM",239
201405,B,"M,T,W,R,F,S,Su 1:00 AM - 6:00 AM",296
201405,A,"M,T,W,R,F,S,Su 11:00 PM - 1:00 AM",456
201405,B,"M,T,W,R,F,S,Su 11:00 PM - 1:00 AM",534
201405,A,"M,T,W,R,F,S,Su 8:00 PM - 11:00 PM",657
201405,B,"M,T,W,R,F,S,Su 8:00 PM - 11:00 PM",986
201405,A,"M,T,W,R,F 6:00 PM - 8:00 PM",290
201405,B,"M,T,W,R,F 6:00 PM - 8:00 PM",541
201405,A,"M,T,W,R,F 4:00 PM - 6:00 PM",193
201405,B,"M,T,W,R,F 4:00 PM - 6:00 PM",370
201405,A,"M,T,W,R,F 1:00 PM - 4:00 PM",176
201405,B,"M,T,W,R,F 1:00 PM - 4:00 PM",304
201405,A,"M,T,W,R,F 10:00 AM - 1:00 PM",144
201405,B,"M,T,W,R,F 10:00 AM - 1:00 PM",302
201405,A,"M,T,W,R,F 6:00 AM - 10:00 AM",130
201405,B,"M,T,W,R,F 6:00 AM - 10:00 AM",225
201405,A,"S,Su 1:00 PM - 8:00 PM",339
201405,B,"S,Su 1:00 PM - 8:00 PM",540
201406,A,"S,Su 8:00 AM - 1:00 PM",204
201406,B,"S,Su 8:00 AM - 1:00 PM",361
201406,A,"S,Su 1:00 PM - 8:00 PM",326
201406,B,"S,Su 1:00 PM - 8:00 PM",562
201406,A,"M,T,W,R,F 6:00 AM - 10:00 AM",124
201406,B,"M,T,W,R,F 6:00 AM - 10:00 AM",229
201406,A,"M,T,W,R,F 10:00 AM - 1:00 PM",154
201406,B,"M,T,W,R,F 10:00 AM - 1:00 PM",338
201406,A,"M,T,W,R,F 1:00 PM - 4:00 PM",180
201406,B,"M,T,W,R,F 1:00 PM - 4:00 PM",352
201406,A,"M,T,W,R,F 4:00 PM - 6:00 PM",199
201406,B,"M,T,W,R,F 4:00 PM - 6:00 PM",364
201406,A,"M,T,W,R,F 6:00 PM - 8:00 PM",276
201406,B,"M,T,W,R,F 6:00 PM - 8:00 PM",508
201406,A,"M,T,W,R,F,S,Su 8:00 PM - 11:00 PM",654
201406,B,"M,T,W,R,F,S,Su 8:00 PM - 11:00 PM",979
201406,A,"M,T,W,R,F,S,Su 11:00 PM - 1:00 AM",458
201406,B,"M,T,W,R,F,S,Su 11:00 PM - 1:00 AM",554
201406,A,"M,T,W,R,F,S,Su 1:00 AM - 6:00 AM",238
201406,B,"M,T,W,R,F,S,Su 1:00 AM - 6:00 AM",298
201406,A,"S,Su 6:00 AM - 8:00 AM",121
201406,B,"S,Su 6:00 AM - 8:00 AM",0
201407,A,"S,Su 8:00 AM - 1:00 PM",218
201407,B,"S,Su 8:00 AM - 1:00 PM",366
201407,A,"S,Su 1:00 PM - 8:00 PM",339
201407,B,"S,Su 1:00 PM - 8:00 PM",525
201407,A,"M,T,W,R,F 6:00 AM - 10:00 AM",120
201407,B,"M,T,W,R,F 6:00 AM - 10:00 AM",208
201407,A,"M,T,W,R,F 10:00 AM - 1:00 PM",137
201407,B,"M,T,W,R,F 10:00 AM - 1:00 PM",275
201407,A,"M,T,W,R,F 1:00 PM - 4:00 PM",161
201407,B,"M,T,W,R,F 1:00 PM - 4:00 PM",315
201407,A,"M,T,W,R,F 4:00 PM - 6:00 PM",204
201407,B,"M,T,W,R,F 4:00 PM - 6:00 PM",362
201407,A,"M,T,W,R,F 6:00 PM - 8:00 PM",283
201407,B,"M,T,W,R,F 6:00 PM - 8:00 PM",503
201407,A,"M,T,W,R,F,S,Su 8:00 PM - 11:00 PM",620
201407,B,"M,T,W,R,F,S,Su 8:00 PM - 11:00 PM",924
201407,A,"M,T,W,R,F,S,Su 11:00 PM - 1:00 AM",409
201407,B,"M,T,W,R,F,S,Su 11:00 PM - 1:00 AM",540
201407,A,"M,T,W,R,F,S,Su 1:00 AM - 6:00 AM",224
201407,B,"M,T,W,R,F,S,Su 1:00 AM - 6:00 AM",291
201407,A,"S,Su 6:00 AM - 8:00 AM",121
201407,B,"S,Su 6:00 AM - 8:00 AM",0
201408,A,"S,Su 8:00 AM - 1:00 PM",207
201408,B,"S,Su 8:00 AM - 1:00 PM",433
201408,A,"S,Su 1:00 PM - 8:00 PM",279
201408,B,"S,Su 1:00 PM - 8:00 PM",696
201408,A,"M,T,W,R,F 6:00 AM - 10:00 AM",109
201408,B,"M,T,W,R,F 6:00 AM - 10:00 AM",176
201408,A,"M,T,W,R,F 10:00 AM - 1:00 PM",133
201408,B,"M,T,W,R,F 10:00 AM - 1:00 PM",312
201408,A,"M,T,W,R,F 1:00 PM - 4:00 PM",172
201408,B,"M,T,W,R,F 1:00 PM - 4:00 PM",386
201408,A,"M,T,W,R,F 4:00 PM - 6:00 PM",193
201408,B,"M,T,W,R,F 4:00 PM - 6:00 PM",470
201408,A,"M,T,W,R,F 6:00 PM - 8:00 PM",275
201408,B,"M,T,W,R,F 6:00 PM - 8:00 PM",679
201408,A,"M,T,W,R,F,S,Su 8:00 PM - 11:00 PM",578
201408,B,"M,T,W,R,F,S,Su 8:00 PM - 11:00 PM",1249
201408,A,"M,T,W,R,F,S,Su 11:00 PM - 1:00 AM",374
201408,B,"M,T,W,R,F,S,Su 11:00 PM - 1:00 AM",648
201408,A,"M,T,W,R,F,S,Su 1:00 AM - 6:00 AM",170
201408,B,"M,T,W,R,F,S,Su 1:00 AM - 6:00 AM",347
201408,A,"S,Su 6:00 AM - 8:00 AM",97
201408,B,"S,Su 6:00 AM - 8:00 AM",0
201409,A,"S,Su 8:00 AM - 1:00 PM",195
201409,B,"S,Su 8:00 AM - 1:00 PM",351
201409,A,"S,Su 1:00 PM - 8:00 PM",281
201409,B,"S,Su 1:00 PM - 8:00 PM",519
201409,A,"M,T,W,R,F 6:00 AM - 10:00 AM",87
201409,B,"M,T,W,R,F 6:00 AM - 10:00 AM",159
201409,A,"M,T,W,R,F 10:00 AM - 1:00 PM",131
201409,B,"M,T,W,R,F 10:00 AM - 1:00 PM",264
201409,A,"M,T,W,R,F 1:00 PM - 4:00 PM",175
201409,B,"M,T,W,R,F 1:00 PM - 4:00 PM",349
201409,A,"M,T,W,R,F 4:00 PM - 6:00 PM",182
201409,B,"M,T,W,R,F 4:00 PM - 6:00 PM",423
201409,A,"M,T,W,R,F 6:00 PM - 8:00 PM",256
201409,B,"M,T,W,R,F 6:00 PM - 8:00 PM",553
201409,A,"M,T,W,R,F,S,Su 8:00 PM - 11:00 PM",536
201409,B,"M,T,W,R,F,S,Su 8:00 PM - 11:00 PM",961
201409,A,"M,T,W,R,F,S,Su 11:00 PM - 1:00 AM",348
201409,B,"M,T,W,R,F,S,Su 11:00 PM - 1:00 AM",529
201409,A,"M,T,W,R,F,S,Su 1:00 AM - 6:00 AM",178
201409,B,"M,T,W,R,F,S,Su 1:00 AM - 6:00 AM",296
201409,A,"S,Su 6:00 AM - 8:00 AM",99
201409,B,"S,Su 6:00 AM - 8:00 AM",0
201410,A,"S,Su 8:00 AM - 1:00 PM",169
201410,B,"S,Su 8:00 AM - 1:00 PM",412
201410,A,"S,Su 1:00 PM - 8:00 PM",284
201410,B,"S,Su 1:00 PM - 8:00 PM",519
201410,A,"M,T,W,R,F 6:00 AM - 10:00 AM",88
201410,B,"M,T,W,R,F 6:00 AM - 10:00 AM",153
201410,A,"M,T,W,R,F 10:00 AM - 1:00 PM",106
201410,B,"M,T,W,R,F 10:00 AM - 1:00 PM",271
201410,A,"M,T,W,R,F 1:00 PM - 4:00 PM",139
201410,B,"M,T,W,R,F 1:00 PM - 4:00 PM",339
201410,A,"M,T,W,R,F 4:00 PM - 6:00 PM",173
201410,B,"M,T,W,R,F 4:00 PM - 6:00 PM",440
201410,A,"M,T,W,R,F 6:00 PM - 8:00 PM",250
201410,B,"M,T,W,R,F 6:00 PM - 8:00 PM",614
201410,A,"M,T,W,R,F,S,Su 8:00 PM - 11:00 PM",553
201410,B,"M,T,W,R,F,S,Su 8:00 PM - 11:00 PM",1055
201410,A,"M,T,W,R,F,S,Su 11:00 PM - 1:00 AM",355
201410,B,"M,T,W,R,F,S,Su 11:00 PM - 1:00 AM",570
201410,A,"M,T,W,R,F,S,Su 1:00 AM - 6:00 AM",176
201410,B,"M,T,W,R,F,S,Su 1:00 AM - 6:00 AM",315
201410,A,"S,Su 6:00 AM - 8:00 AM",105
201410,B,"S,Su 6:00 AM - 8:00 AM",0
201411,A,"M,T,W,R,F 6:00 AM - 10:00 AM",90
201411,A,"M,T,W,R,F 10:00 AM - 1:00 PM",107
201411,B,"M,T,W,R,F 6:00 AM - 10:00 AM",169
201411,B,"M,T,W,R,F 10:00 AM - 1:00 PM",310
201411,A,"M,T,W,R,F 1:00 PM - 4:00 PM",170
201411,A,"M,T,W,R,F 4:00 PM - 6:00 PM",203
201411,B,"M,T,W,R,F 1:00 PM - 4:00 PM",362
201411,B,"M,T,W,R,F 4:00 PM - 6:00 PM",446
201411,A,"M,T,W,R,F 6:00 PM - 8:00 PM",292
201411,A,"M,T,W,R,F,S,Su 8:00 PM - 11:00 PM",636
201411,B,"M,T,W,R,F 6:00 PM - 8:00 PM",661
201411,B,"M,T,W,R,F,S,Su 8:00 PM - 11:00 PM",1203
201411,A,"M,T,W,R,F,S,Su 11:00 PM - 1:00 AM",386
201411,A,"M,T,W,R,F,S,Su 1:00 AM - 6:00 AM",194
201411,B,"M,T,W,R,F,S,Su 11:00 PM - 1:00 AM",591
201411,B,"M,T,W,R,F,S,Su 1:00 AM - 6:00 AM",311
201411,A,"S,Su 6:00 AM - 8:00 AM",112
201411,A,"S,Su 8:00 AM - 1:00 PM",181
201411,B,"S,Su 6:00 AM - 8:00 AM",0
201411,B,"S,Su 8:00 AM - 1:00 PM",461
201411,A,"S,Su 1:00 PM - 8:00 PM",327
201411,B,"S,Su 1:00 PM - 8:00 PM",645
201412,A,"M,T,W,R,F 6:00 AM - 10:00 AM",98
201412,A,"M,T,W,R,F 10:00 AM - 1:00 PM",137
201412,B,"M,T,W,R,F 6:00 AM - 10:00 AM",157
201412,B,"M,T,W,R,F 10:00 AM - 1:00 PM",338
201412,A,"M,T,W,R,F 1:00 PM - 4:00 PM",200
201412,A,"M,T,W,R,F 4:00 PM - 6:00 PM",204
201412,B,"M,T,W,R,F 1:00 PM - 4:00 PM",427
201412,B,"M,T,W,R,F 4:00 PM - 6:00 PM",484
201412,A,"M,T,W,R,F 6:00 PM - 8:00 PM",271
201412,A,"M,T,W,R,F,S,Su 8:00 PM - 11:00 PM",644
201412,B,"M,T,W,R,F 6:00 PM - 8:00 PM",690
201412,B,"M,T,W,R,F,S,Su 8:00 PM - 11:00 PM",1209
201412,A,"M,T,W,R,F,S,Su 11:00 PM - 1:00 AM",440
201412,A,"M,T,W,R,F,S,Su 1:00 AM - 6:00 AM",229
201412,B,"M,T,W,R,F,S,Su 11:00 PM - 1:00 AM",601
201412,B,"M,T,W,R,F,S,Su 1:00 AM - 6:00 AM",335
201412,A,"S,Su 6:00 AM - 8:00 AM",116
201412,A,"S,Su 8:00 AM - 1:00 PM",215
201412,B,"S,Su 6:00 AM - 8:00 AM",0
201412,B,"S,Su 8:00 AM - 1:00 PM",532
201412,A,"S,Su 1:00 PM - 8:00 PM",323
201412,B,"S,Su 1:00 PM - 8:00 PM",671
201501,A,"M,T,W,R,F,S,Su 1:00 AM - 6:00 AM",213
201501,B,"M,T,W,R,F,S,Su 1:00 AM - 6:00 AM",349
201501,A,"M,T,W,R,F,S,Su 11:00 PM - 1:00 AM",399
201501,B,"M,T,W,R,F,S,Su 11:00 PM - 1:00 AM",650
201501,A,"M,T,W,R,F,S,Su 8:00 PM - 11:00 PM",638
201501,B,"M,T,W,R,F,S,Su 8:00 PM - 11:00 PM",1380
201501,A,"M,T,W,R,F 6:00 PM - 8:00 PM",284
201501,B,"M,T,W,R,F 6:00 PM - 8:00 PM",723
201501,A,"M,T,W,R,F 4:00 PM - 6:00 PM",208
201501,B,"M,T,W,R,F 4:00 PM - 6:00 PM",500
201501,A,"M,T,W,R,F 1:00 PM - 4:00 PM",164
201501,B,"M,T,W,R,F 1:00 PM - 4:00 PM",424
201501,A,"M,T,W,R,F 10:00 AM - 1:00 PM",124
201501,B,"M,T,W,R,F 10:00 AM - 1:00 PM",319
201501,A,"M,T,W,R,F 6:00 AM - 10:00 AM",101
201501,B,"M,T,W,R,F 6:00 AM - 10:00 AM",154
201501,A,"S,Su 6:00 AM - 8:00 AM",100
201501,B,"S,Su 6:00 AM - 8:00 AM",0
201501,A,"S,Su 8:00 AM - 1:00 PM",198
201501,B,"S,Su 8:00 AM - 1:00 PM",457
201501,A,"S,Su 1:00 PM - 8:00 PM",376
201501,B,"S,Su 1:00 PM - 8:00 PM",724
201502,A,"M,T,W,R,F,S,Su 1:00 AM - 6:00 AM",195
201502,B,"M,T,W,R,F,S,Su 1:00 AM - 6:00 AM",360
201502,A,"M,T,W,R,F,S,Su 11:00 PM - 1:00 AM",365
201502,B,"M,T,W,R,F,S,Su 11:00 PM - 1:00 AM",682
201502,A,"M,T,W,R,F,S,Su 8:00 PM - 11:00 PM",544
201502,B,"M,T,W,R,F,S,Su 8:00 PM - 11:00 PM",1404
201502,A,"M,T,W,R,F 6:00 PM - 8:00 PM",259
201502,B,"M,T,W,R,F 6:00 PM - 8:00 PM",720
201502,A,"M,T,W,R,F 4:00 PM - 6:00 PM",181
201502,B,"M,T,W,R,F 4:00 PM - 6:00 PM",526
201502,A,"M,T,W,R,F 1:00 PM - 4:00 PM",167
201502,B,"M,T,W,R,F 1:00 PM - 4:00 PM",425
201502,A,"M,T,W,R,F 10:00 AM - 1:00 PM",122
201502,B,"M,T,W,R,F 10:00 AM - 1:00 PM",305
201502,A,"M,T,W,R,F 6:00 AM - 10:00 AM",94
201502,B,"M,T,W,R,F 6:00 AM - 10:00 AM",143
201502,A,"S,Su 6:00 AM - 8:00 AM",98
201502,B,"S,Su 6:00 AM - 8:00 AM",0
201502,A,"S,Su 8:00 AM - 1:00 PM",180
201502,B,"S,Su 8:00 AM - 1:00 PM",458
201502,A,"S,Su 1:00 PM - 8:00 PM",296
201502,B,"S,Su 1:00 PM - 8:00 PM",764
201503,A,"M,T,W,R,F,S,Su 1:00 AM - 6:00 AM",231
201503,B,"M,T,W,R,F,S,Su 1:00 AM - 6:00 AM",360
201503,A,"M,T,W,R,F,S,Su 11:00 PM - 1:00 AM",450
201503,B,"M,T,W,R,F,S,Su 11:00 PM - 1:00 AM",638
201503,A,"M,T,W,R,F,S,Su 8:00 PM - 11:00 PM",651
201503,B,"M,T,W,R,F,S,Su 8:00 PM - 11:00 PM",1164
201503,A,"M,T,W,R,F 6:00 PM - 8:00 PM",284
201503,B,"M,T,W,R,F 6:00 PM - 8:00 PM",589
201503,A,"M,T,W,R,F 4:00 PM - 6:00 PM",191
201503,B,"M,T,W,R,F 4:00 PM - 6:00 PM",444
201503,A,"M,T,W,R,F 1:00 PM - 4:00 PM",158
201503,B,"M,T,W,R,F 1:00 PM - 4:00 PM",368
201503,A,"M,T,W,R,F 10:00 AM - 1:00 PM",128
201503,B,"M,T,W,R,F 10:00 AM - 1:00 PM",257
201503,A,"M,T,W,R,F 6:00 AM - 10:00 AM",102
201503,B,"M,T,W,R,F 6:00 AM - 10:00 AM",131
201503,A,"S,Su 6:00 AM - 8:00 AM",115
201503,B,"S,Su 6:00 AM - 8:00 AM",0
201503,A,"S,Su 8:00 AM - 1:00 PM",195
201503,B,"S,Su 8:00 AM - 1:00 PM",442
201503,A,"S,Su 1:00 PM - 8:00 PM",376
201503,B,"S,Su 1:00 PM - 8:00 PM",658
201504,A,"M,T,W,R,F,S,Su 1:00 AM - 6:00 AM",214
201504,B,"M,T,W,R,F,S,Su 1:00 AM - 6:00 AM",348
201504,A,"M,T,W,R,F,S,Su 11:00 PM - 1:00 AM",403
201504,B,"M,T,W,R,F,S,Su 11:00 PM - 1:00 AM",665
201504,A,"M,T,W,R,F,S,Su 8:00 PM - 11:00 PM",597
201504,B,"M,T,W,R,F,S,Su 8:00 PM - 11:00 PM",1132
201504,A,"M,T,W,R,F 6:00 PM - 8:00 PM",271
201504,B,"M,T,W,R,F 6:00 PM - 8:00 PM",603
201504,A,"M,T,W,R,F 4:00 PM - 6:00 PM",184
201504,B,"M,T,W,R,F 4:00 PM - 6:00 PM",437
201504,A,"M,T,W,R,F 1:00 PM - 4:00 PM",141
201504,B,"M,T,W,R,F 1:00 PM - 4:00 PM",365
201504,A,"M,T,W,R,F 10:00 AM - 1:00 PM",128
201504,B,"M,T,W,R,F 10:00 AM - 1:00 PM",266
201504,A,"M,T,W,R,F 6:00 AM - 10:00 AM",94
201504,B,"M,T,W,R,F 6:00 AM - 10:00 AM",132
201504,A,"S,Su 6:00 AM - 8:00 AM",110
201504,B,"S,Su 6:00 AM - 8:00 AM",0
201504,A,"S,Su 8:00 AM - 1:00 PM",174
201504,B,"S,Su 8:00 AM - 1:00 PM",424
201504,A,"S,Su 1:00 PM - 8:00 PM",293
201504,B,"S,Su 1:00 PM - 8:00 PM",594
201505,A,"S,Su 1:00 PM - 8:00 PM",246
201505,B,"S,Su 1:00 PM - 8:00 PM",545
201505,A,"S,Su 6:00 AM - 8:00 AM",115
201505,B,"S,Su 6:00 AM - 8:00 AM",0
201505,A,"M,T,W,R,F,S,Su 1:00 AM - 6:00 AM",199
201505,B,"M,T,W,R,F,S,Su 1:00 AM - 6:00 AM",361
201505,A,"M,T,W,R,F,S,Su 11:00 PM - 1:00 AM",377
201505,B,"M,T,W,R,F,S,Su 11:00 PM - 1:00 AM",618
201505,A,"M,T,W,R,F,S,Su 8:00 PM - 11:00 PM",522
201505,B,"M,T,W,R,F,S,Su 8:00 PM - 11:00 PM",1031
201505,A,"M,T,W,R,F 4:00 PM - 6:00 PM",170
201505,B,"M,T,W,R,F 4:00 PM - 6:00 PM",412
201505,A,"M,T,W,R,F 1:00 PM - 4:00 PM",140
201505,B,"M,T,W,R,F 1:00 PM - 4:00 PM",348
201505,A,"M,T,W,R,F 10:00 AM - 1:00 PM",107
201505,B,"M,T,W,R,F 10:00 AM - 1:00 PM",255
201505,A,"M,T,W,R,F 6:00 AM - 10:00 AM",84
201505,B,"M,T,W,R,F 6:00 AM - 10:00 AM",130
201505,A,"S,Su 8:00 AM - 1:00 PM",181
201505,B,"S,Su 8:00 AM - 1:00 PM",378
201505,A,"M,T,W,R,F 6:00 PM - 8:00 PM",225
201505,B,"M,T,W,R,F 6:00 PM - 8:00 PM",537
201506,A,"S,Su 1:00 PM - 8:00 PM",237
201506,B,"S,Su 1:00 PM - 8:00 PM",584
201506,A,"S,Su 6:00 AM - 8:00 AM",96
201506,B,"S,Su 6:00 AM - 8:00 AM",0
201506,A,"M,T,W,R,F,S,Su 1:00 AM - 6:00 AM",195
201506,B,"M,T,W,R,F,S,Su 1:00 AM - 6:00 AM",359
201506,A,"M,T,W,R,F,S,Su 11:00 PM - 1:00 AM",342
201506,B,"M,T,W,R,F,S,Su 11:00 PM - 1:00 AM",639
201506,A,"M,T,W,R,F,S,Su 8:00 PM - 11:00 PM",486
201506,B,"M,T,W,R,F,S,Su 8:00 PM - 11:00 PM",1176
201506,A,"M,T,W,R,F 4:00 PM - 6:00 PM",162
201506,B,"M,T,W,R,F 4:00 PM - 6:00 PM",436
201506,A,"M,T,W,R,F 1:00 PM - 4:00 PM",132
201506,B,"M,T,W,R,F 1:00 PM - 4:00 PM",372
201506,A,"M,T,W,R,F 10:00 AM - 1:00 PM",112
201506,B,"M,T,W,R,F 10:00 AM - 1:00 PM",260
201506,A,"M,T,W,R,F 6:00 AM - 10:00 AM",93
201506,B,"M,T,W,R,F 6:00 AM - 10:00 AM",113
201506,A,"S,Su 8:00 AM - 1:00 PM",148
201506,B,"S,Su 8:00 AM - 1:00 PM",386
201506,A,"M,T,W,R,F 6:00 PM - 8:00 PM",220
201506,B,"M,T,W,R,F 6:00 PM - 8:00 PM",597
201507,A,"S,Su 1:00 PM - 8:00 PM",196
201507,B,"S,Su 1:00 PM - 8:00 PM",853
201507,A,"S,Su 6:00 AM - 8:00 AM",91
201507,B,"S,Su 6:00 AM - 8:00 AM",0
201507,A,"M,T,W,R,F,S,Su 1:00 AM - 6:00 AM",170
201507,B,"M,T,W,R,F,S,Su 1:00 AM - 6:00 AM",473
201507,A,"M,T,W,R,F,S,Su 11:00 PM - 1:00 AM",325
201507,B,"M,T,W,R,F,S,Su 11:00 PM - 1:00 AM",864
201507,A,"M,T,W,R,F,S,Su 8:00 PM - 11:00 PM",448
201507,B,"M,T,W,R,F,S,Su 8:00 PM - 11:00 PM",1525
201507,A,"M,T,W,R,F 4:00 PM - 6:00 PM",156
201507,B,"M,T,W,R,F 4:00 PM - 6:00 PM",602
201507,A,"M,T,W,R,F 1:00 PM - 4:00 PM",129
201507,B,"M,T,W,R,F 1:00 PM - 4:00 PM",511
201507,A,"M,T,W,R,F 10:00 AM - 1:00 PM",112
201507,B,"M,T,W,R,F 10:00 AM - 1:00 PM",364
201507,A,"M,T,W,R,F 6:00 AM - 10:00 AM",85
201507,B,"M,T,W,R,F 6:00 AM - 10:00 AM",166
201507,A,"S,Su 8:00 AM - 1:00 PM",157
201507,B,"S,Su 8:00 AM - 1:00 PM",492
201507,A,"M,T,W,R,F 6:00 PM - 8:00 PM",197
201507,B,"M,T,W,R,F 6:00 PM - 8:00 PM",821
201508,A,"S,Su 1:00 PM - 8:00 PM",211
201508,B,"S,Su 1:00 PM - 8:00 PM",540
201508,A,"S,Su 6:00 AM - 8:00 AM",80
201508,B,"S,Su 6:00 AM - 8:00 AM",0
201508,A,"M,T,W,R,F,S,Su 1:00 AM - 6:00 AM",159
201508,B,"M,T,W,R,F,S,Su 1:00 AM - 6:00 AM",311
201508,A,"M,T,W,R,F,S,Su 11:00 PM - 1:00 AM",310
201508,B,"M,T,W,R,F,S,Su 11:00 PM - 1:00 AM",543
201508,A,"M,T,W,R,F,S,Su 8:00 PM - 11:00 PM",462
201508,B,"M,T,W,R,F,S,Su 8:00 PM - 11:00 PM",1012
201508,A,"M,T,W,R,F 4:00 PM - 6:00 PM",158
201508,B,"M,T,W,R,F 4:00 PM - 6:00 PM",390
201508,A,"M,T,W,R,F 1:00 PM - 4:00 PM",134
201508,B,"M,T,W,R,F 1:00 PM - 4:00 PM",344
201508,A,"M,T,W,R,F 10:00 AM - 1:00 PM",111
201508,B,"M,T,W,R,F 10:00 AM - 1:00 PM",253
201508,A,"M,T,W,R,F 6:00 AM - 10:00 AM",75
201508,B,"M,T,W,R,F 6:00 AM - 10:00 AM",115
201508,A,"S,Su 8:00 AM - 1:00 PM",169
201508,B,"S,Su 8:00 AM - 1:00 PM",351
201508,A,"M,T,W,R,F 6:00 PM - 8:00 PM",208
201508,B,"M,T,W,R,F 6:00 PM - 8:00 PM",510
201509,A,"S,Su 1:00 PM - 8:00 PM",252
201509,B,"S,Su 1:00 PM - 8:00 PM",531
201509,A,"S,Su 6:00 AM - 8:00 AM",93
201509,B,"S,Su 6:00 AM - 8:00 AM",0
201509,A,"M,T,W,R,F,S,Su 1:00 AM - 6:00 AM",178
201509,B,"M,T,W,R,F,S,Su 1:00 AM - 6:00 AM",300
201509,A,"M,T,W,R,F,S,Su 11:00 PM - 1:00 AM",325
201509,B,"M,T,W,R,F,S,Su 11:00 PM - 1:00 AM",500
201509,A,"M,T,W,R,F,S,Su 8:00 PM - 11:00 PM",490
201509,B,"M,T,W,R,F,S,Su 8:00 PM - 11:00 PM",871
201509,A,"M,T,W,R,F 4:00 PM - 6:00 PM",172
201509,B,"M,T,W,R,F 4:00 PM - 6:00 PM",452
201509,A,"M,T,W,R,F 1:00 PM - 4:00 PM",136
201509,B,"M,T,W,R,F 1:00 PM - 4:00 PM",374
201509,A,"M,T,W,R,F 10:00 AM - 1:00 PM",115
201509,B,"M,T,W,R,F 10:00 AM - 1:00 PM",276
201509,A,"M,T,W,R,F 6:00 AM - 10:00 AM",79
201509,B,"M,T,W,R,F 6:00 AM - 10:00 AM",142
201509,A,"S,Su 8:00 AM - 1:00 PM",188
201509,B,"S,Su 8:00 AM - 1:00 PM",362
201509,A,"M,T,W,R,F 6:00 PM - 8:00 PM",238
201509,B,"M,T,W,R,F 6:00 PM - 8:00 PM",561
201510,A,"M,T,W,R,F,S,Su 8:00 PM - 11:00 PM",503
201510,B,"M,T,W,R,F,S,Su 8:00 PM - 11:00 PM",1074
201510,A,"M,T,W,R,F,S,Su 11:00 PM - 1:00 AM",344
201510,B,"M,T,W,R,F,S,Su 11:00 PM - 1:00 AM",563
201510,A,"M,T,W,R,F,S,Su 1:00 AM - 6:00 AM",171
201510,B,"M,T,W,R,F,S,Su 1:00 AM - 6:00 AM",318
201510,A,"M,T,W,R,F 6:00 AM - 10:00 AM",73
201510,B,"M,T,W,R,F 6:00 AM - 10:00 AM",115
201510,A,"M,T,W,R,F 10:00 AM - 1:00 PM",114
201510,B,"M,T,W,R,F 10:00 AM - 1:00 PM",259
201510,A,"M,T,W,R,F 4:00 PM - 6:00 PM",160
201510,B,"M,T,W,R,F 4:00 PM - 6:00 PM",445
201510,A,"M,T,W,R,F 6:00 PM - 8:00 PM",232
201510,B,"M,T,W,R,F 6:00 PM - 8:00 PM",581
201510,A,"S,Su 6:00 AM - 8:00 AM",100
201510,B,"S,Su 6:00 AM - 8:00 AM",0
201510,A,"S,Su 8:00 AM - 1:00 PM",169
201510,B,"S,Su 8:00 AM - 1:00 PM",352
201510,A,"S,Su 1:00 PM - 8:00 PM",263
201510,B,"S,Su 1:00 PM - 8:00 PM",587
201510,A,"M,T,W,R,F 1:00 PM - 4:00 PM",147
201510,B,"M,T,W,R,F 1:00 PM - 4:00 PM",387
201511,A,"M,T,W,R,F,S,Su 8:00 PM - 11:00 PM",566
201511,B,"M,T,W,R,F,S,Su 8:00 PM - 11:00 PM",1235
201511,A,"M,T,W,R,F,S,Su 11:00 PM - 1:00 AM",360
201511,B,"M,T,W,R,F,S,Su 11:00 PM - 1:00 AM",583
201511,A,"M,T,W,R,F,S,Su 1:00 AM - 6:00 AM",186
201511,B,"M,T,W,R,F,S,Su 1:00 AM - 6:00 AM",331
201511,A,"M,T,W,R,F 6:00 AM - 10:00 AM",90
201511,B,"M,T,W,R,F 6:00 AM - 10:00 AM",125
201511,A,"M,T,W,R,F 10:00 AM - 1:00 PM",112
201511,B,"M,T,W,R,F 10:00 AM - 1:00 PM",254
201511,A,"M,T,W,R,F 4:00 PM - 6:00 PM",179
201511,B,"M,T,W,R,F 4:00 PM - 6:00 PM",484
201511,A,"M,T,W,R,F 6:00 PM - 8:00 PM",272
201511,B,"M,T,W,R,F 6:00 PM - 8:00 PM",670
201511,A,"S,Su 6:00 AM - 8:00 AM",106
201511,B,"S,Su 6:00 AM - 8:00 AM",0
201511,A,"S,Su 8:00 AM - 1:00 PM",186
201511,B,"S,Su 8:00 AM - 1:00 PM",420
201511,A,"S,Su 1:00 PM - 8:00 PM",297
201511,B,"S,Su 1:00 PM - 8:00 PM",651
201511,A,"M,T,W,R,F 1:00 PM - 4:00 PM",152
201511,B,"M,T,W,R,F 1:00 PM - 4:00 PM",388
201512,A,"M,T,W,R,F,S,Su 8:00 PM - 11:00 PM",566
201512,B,"M,T,W,R,F,S,Su 8:00 PM - 11:00 PM",1390
201512,A,"M,T,W,R,F,S,Su 11:00 PM - 1:00 AM",378
201512,B,"M,T,W,R,F,S,Su 11:00 PM - 1:00 AM",699
201512,A,"M,T,W,R,F,S,Su 1:00 AM - 6:00 AM",202
201512,B,"M,T,W,R,F,S,Su 1:00 AM - 6:00 AM",412
201512,A,"M,T,W,R,F 6:00 AM - 10:00 AM",96
201512,B,"M,T,W,R,F 6:00 AM - 10:00 AM",141
201512,A,"M,T,W,R,F 10:00 AM - 1:00 PM",119
201512,B,"M,T,W,R,F 10:00 AM - 1:00 PM",296
201512,A,"M,T,W,R,F 4:00 PM - 6:00 PM",171
201512,B,"M,T,W,R,F 4:00 PM - 6:00 PM",534
201512,A,"M,T,W,R,F 6:00 PM - 8:00 PM",233
201512,B,"M,T,W,R,F 6:00 PM - 8:00 PM",770
201512,A,"S,Su 6:00 AM - 8:00 AM",85
201512,B,"S,Su 6:00 AM - 8:00 AM",0
201512,A,"S,Su 8:00 AM - 1:00 PM",147
201512,B,"S,Su 8:00 AM - 1:00 PM",492
201512,A,"S,Su 1:00 PM - 8:00 PM",299
201512,B,"S,Su 1:00 PM - 8:00 PM",758
201512,A,"M,T,W,R,F 1:00 PM - 4:00 PM",150
201512,B,"M,T,W,R,F 1:00 PM - 4:00 PM",427
201601,A,"M,T,W,R,F,S,Su 8:00 PM - 11:00 PM",612
201601,B,"M,T,W,R,F,S,Su 8:00 PM - 11:00 PM",1377
201601,A,"M,T,W,R,F,S,Su 11:00 PM - 1:00 AM",397
201601,B,"M,T,W,R,F,S,Su 11:00 PM - 1:00 AM",619
201601,A,"M,T,W,R,F,S,Su 1:00 AM - 6:00 AM",225
201601,B,"M,T,W,R,F,S,Su 1:00 AM - 6:00 AM",356
201601,A,"M,T,W,R,F 6:00 AM - 10:00 AM",98
201601,B,"M,T,W,R,F 6:00 AM - 10:00 AM",143
201601,A,"M,T,W,R,F 10:00 AM - 1:00 PM",128
201601,B,"M,T,W,R,F 10:00 AM - 1:00 PM",317
201601,A,"M,T,W,R,F 4:00 PM - 6:00 PM",176
201601,B,"M,T,W,R,F 4:00 PM - 6:00 PM",540
201601,A,"M,T,W,R,F 6:00 PM - 8:00 PM",250
201601,B,"M,T,W,R,F 6:00 PM - 8:00 PM",754
201601,A,"S,Su 6:00 AM - 8:00 AM",91
201601,B,"S,Su 6:00 AM - 8:00 AM",0
201601,A,"S,Su 8:00 AM - 1:00 PM",196
201601,B,"S,Su 8:00 AM - 1:00 PM",477
201601,A,"S,Su 1:00 PM - 8:00 PM",329
201601,B,"S,Su 1:00 PM - 8:00 PM",728
201601,A,"M,T,W,R,F 1:00 PM - 4:00 PM",157
201601,B,"M,T,W,R,F 1:00 PM - 4:00 PM",443
201602,A,"M,T,W,R,F,S,Su 8:00 PM - 11:00 PM",524
201602,B,"M,T,W,R,F,S,Su 8:00 PM - 11:00 PM",1140
201602,A,"M,T,W,R,F,S,Su 11:00 PM - 1:00 AM",333
201602,B,"M,T,W,R,F,S,Su 11:00 PM - 1:00 AM",552
201602,A,"M,T,W,R,F,S,Su 1:00 AM - 6:00 AM",191
201602,B,"M,T,W,R,F,S,Su 1:00 AM - 6:00 AM",312
201602,A,"M,T,W,R,F 6:00 AM - 10:00 AM",93
201602,B,"M,T,W,R,F 6:00 AM - 10:00 AM",128
201602,A,"M,T,W,R,F 10:00 AM - 1:00 PM",123
201602,B,"M,T,W,R,F 10:00 AM - 1:00 PM",242
201602,A,"M,T,W,R,F 1:00 PM - 4:00 PM",161
201602,B,"M,T,W,R,F 1:00 PM - 4:00 PM",361
201602,A,"M,T,W,R,F 4:00 PM - 6:00 PM",181
201602,B,"M,T,W,R,F 4:00 PM - 6:00 PM",425
201602,A,"M,T,W,R,F 6:00 PM - 8:00 PM",240
201602,B,"M,T,W,R,F 6:00 PM - 8:00 PM",624
201602,A,"S,Su 6:00 AM - 8:00 AM",95
201602,B,"S,Su 6:00 AM - 8:00 AM",0
201602,A,"S,Su 8:00 AM - 1:00 PM",178
201602,B,"S,Su 8:00 AM - 1:00 PM",422
201602,A,"S,Su 1:00 PM - 8:00 PM",267
201602,B,"S,Su 1:00 PM - 8:00 PM",648
201603,A,"M,T,W,R,F,S,Su 8:00 PM - 11:00 PM",573
201603,B,"M,T,W,R,F,S,Su 8:00 PM - 11:00 PM",1042
201603,A,"M,T,W,R,F,S,Su 11:00 PM - 1:00 AM",358
201603,B,"M,T,W,R,F,S,Su 11:00 PM - 1:00 AM",573
201603,A,"M,T,W,R,F,S,Su 1:00 AM - 6:00 AM",192
201603,B,"M,T,W,R,F,S,Su 1:00 AM - 6:00 AM",325
201603,A,"M,T,W,R,F 6:00 AM - 10:00 AM",93
201603,B,"M,T,W,R,F 6:00 AM - 10:00 AM",107
201603,A,"M,T,W,R,F 10:00 AM - 1:00 PM",121
201603,B,"M,T,W,R,F 10:00 AM - 1:00 PM",234
201603,A,"M,T,W,R,F 1:00 PM - 4:00 PM",149
201603,B,"M,T,W,R,F 1:00 PM - 4:00 PM",333
201603,A,"M,T,W,R,F 4:00 PM - 6:00 PM",174
201603,B,"M,T,W,R,F 4:00 PM - 6:00 PM",377
201603,A,"M,T,W,R,F 6:00 PM - 8:00 PM",228
201603,B,"M,T,W,R,F 6:00 PM - 8:00 PM",522
201603,A,"S,Su 6:00 AM - 8:00 AM",105
201603,B,"S,Su 6:00 AM - 8:00 AM",0
201603,A,"S,Su 8:00 AM - 1:00 PM",194
201603,B,"S,Su 8:00 AM - 1:00 PM",416
201603,A,"S,Su 1:00 PM - 8:00 PM",332
201603,B,"S,Su 1:00 PM - 8:00 PM",662
201604,A,"M,T,W,R,F,S,Su 8:00 PM - 11:00 PM",555
201604,B,"M,T,W,R,F,S,Su 8:00 PM - 11:00 PM",1008
201604,A,"M,T,W,R,F,S,Su 11:00 PM - 1:00 AM",365
201604,B,"M,T,W,R,F,S,Su 11:00 PM - 1:00 AM",586
201604,A,"M,T,W,R,F,S,Su 1:00 AM - 6:00 AM",204
201604,B,"M,T,W,R,F,S,Su 1:00 AM - 6:00 AM",341
201604,A,"M,T,W,R,F 6:00 AM - 10:00 AM",96
201604,B,"M,T,W,R,F 6:00 AM - 10:00 AM",114
201604,A,"M,T,W,R,F 10:00 AM - 1:00 PM",130
201604,B,"M,T,W,R,F 10:00 AM - 1:00 PM",230
201604,A,"M,T,W,R,F 1:00 PM - 4:00 PM",157
201604,B,"M,T,W,R,F 1:00 PM - 4:00 PM",326
201604,A,"M,T,W,R,F 4:00 PM - 6:00 PM",182
201604,B,"M,T,W,R,F 4:00 PM - 6:00 PM",389
201604,A,"M,T,W,R,F 6:00 PM - 8:00 PM",250
201604,B,"M,T,W,R,F 6:00 PM - 8:00 PM",527
201604,A,"S,Su 6:00 AM - 8:00 AM",108
201604,B,"S,Su 6:00 AM - 8:00 AM",0
201604,A,"S,Su 8:00 AM - 1:00 PM",190
201604,B,"S,Su 8:00 AM - 1:00 PM",355
201604,A,"S,Su 1:00 PM - 8:00 PM",276
201604,B,"S,Su 1:00 PM - 8:00 PM",583
201605,A,"M,T,W,R,F,S,Su 8:00 PM - 11:00 PM",474
201605,B,"M,T,W,R,F,S,Su 8:00 PM - 11:00 PM",1044
201605,A,"M,T,W,R,F,S,Su 11:00 PM - 1:00 AM",319
201605,B,"M,T,W,R,F,S,Su 11:00 PM - 1:00 AM",594
201605,A,"M,T,W,R,F,S,Su 1:00 AM - 6:00 AM",173
201605,B,"M,T,W,R,F,S,Su 1:00 AM - 6:00 AM",340
201605,A,"M,T,W,R,F 6:00 AM - 10:00 AM",80
201605,B,"M,T,W,R,F 6:00 AM - 10:00 AM",108
201605,A,"M,T,W,R,F 10:00 AM - 1:00 PM",102
201605,B,"M,T,W,R,F 10:00 AM - 1:00 PM",222
201605,A,"M,T,W,R,F 1:00 PM - 4:00 PM",130
201605,B,"M,T,W,R,F 1:00 PM - 4:00 PM",322
201605,A,"M,T,W,R,F 4:00 PM - 6:00 PM",156
201605,B,"M,T,W,R,F 4:00 PM - 6:00 PM",380
201605,A,"M,T,W,R,F 6:00 PM - 8:00 PM",217
201605,B,"M,T,W,R,F 6:00 PM - 8:00 PM",485
201605,A,"S,Su 6:00 AM - 8:00 AM",95
201605,B,"S,Su 6:00 AM - 8:00 AM",0
201605,A,"S,Su 8:00 AM - 1:00 PM",163
201605,B,"S,Su 8:00 AM - 1:00 PM",405
201605,A,"S,Su 1:00 PM - 8:00 PM",243
201605,B,"S,Su 1:00 PM - 8:00 PM",598
201606,A,"M,T,W,R,F,S,Su 8:00 PM - 11:00 PM",512
201606,B,"M,T,W,R,F,S,Su 8:00 PM - 11:00 PM",1122
201606,A,"M,T,W,R,F,S,Su 11:00 PM - 1:00 AM",341
201606,B,"M,T,W,R,F,S,Su 11:00 PM - 1:00 AM",646
201606,A,"M,T,W,R,F,S,Su 1:00 AM - 6:00 AM",177
201606,B,"M,T,W,R,F,S,Su 1:00 AM - 6:00 AM",366
201606,A,"M,T,W,R,F 6:00 AM - 10:00 AM",85
201606,B,"M,T,W,R,F 6:00 AM - 10:00 AM",123
201606,A,"M,T,W,R,F 10:00 AM - 1:00 PM",128
201606,B,"M,T,W,R,F 10:00 AM - 1:00 PM",252
201606,A,"M,T,W,R,F 1:00 PM - 4:00 PM",162
201606,B,"M,T,W,R,F 1:00 PM - 4:00 PM",339
201606,A,"M,T,W,R,F 4:00 PM - 6:00 PM",167
201606,B,"M,T,W,R,F 4:00 PM - 6:00 PM",404
201606,A,"M,T,W,R,F 6:00 PM - 8:00 PM",223
201606,B,"M,T,W,R,F 6:00 PM - 8:00 PM",532
201606,A,"S,Su 6:00 AM - 8:00 AM",90
201606,B,"S,Su 6:00 AM - 8:00 AM",0
201606,A,"S,Su 8:00 AM - 1:00 PM",171
201606,B,"S,Su 8:00 AM - 1:00 PM",395
201606,A,"S,Su 1:00 PM - 8:00 PM",243
201606,B,"S,Su 1:00 PM - 8:00 PM",656
201607,A,"M,T,W,R,F,S,Su 8:00 PM - 11:00 PM",521
201607,B,"M,T,W,R,F,S,Su 8:00 PM - 11:00 PM",1045
201607,A,"M,T,W,R,F,S,Su 11:00 PM - 1:00 AM",336
201607,B,"M,T,W,R,F,S,Su 11:00 PM - 1:00 AM",624
201607,A,"M,T,W,R,F,S,Su 1:00 AM - 6:00 AM",182
201607,B,"M,T,W,R,F,S,Su 1:00 AM - 6:00 AM",353
201607,A,"M,T,W,R,F 6:00 AM - 10:00 AM",94
201607,B,"M,T,W,R,F 6:00 AM - 10:00 AM",140
201607,A,"M,T,W,R,F 10:00 AM - 1:00 PM",137
201607,B,"M,T,W,R,F 10:00 AM - 1:00 PM",288
201607,A,"M,T,W,R,F 1:00 PM - 4:00 PM",166
201607,B,"M,T,W,R,F 1:00 PM - 4:00 PM",401
201607,A,"M,T,W,R,F 4:00 PM - 6:00 PM",180
201607,B,"M,T,W,R,F 4:00 PM - 6:00 PM",474
201607,A,"M,T,W,R,F 6:00 PM - 8:00 PM",248
201607,B,"M,T,W,R,F 6:00 PM - 8:00 PM",610
201607,A,"S,Su 6:00 AM - 8:00 AM",99
201607,B,"S,Su 6:00 AM - 8:00 AM",0
201607,A,"S,Su 8:00 AM - 1:00 PM",187
201607,B,"S,Su 8:00 AM - 1:00 PM",371
201607,A,"S,Su 1:00 PM - 8:00 PM",270
201607,B,"S,Su 1:00 PM - 8:00 PM",585
201608,A,"M,T,W,R,F,S,Su 8:00 PM - 11:00 PM",451
201608,B,"M,T,W,R,F,S,Su 8:00 PM - 11:00 PM",789
201608,A,"M,T,W,R,F,S,Su 11:00 PM - 1:00 AM",291
201608,B,"M,T,W,R,F,S,Su 11:00 PM - 1:00 AM",499
201608,A,"M,T,W,R,F,S,Su 1:00 AM - 6:00 AM",165
201608,B,"M,T,W,R,F,S,Su 1:00 AM - 6:00 AM",293
201608,A,"M,T,W,R,F 6:00 AM - 10:00 AM",85
201608,B,"M,T,W,R,F 6:00 AM - 10:00 AM",104
201608,A,"M,T,W,R,F 10:00 AM - 1:00 PM",149
201608,B,"M,T,W,R,F 10:00 AM - 1:00 PM",231
201608,A,"M,T,W,R,F 1:00 PM - 4:00 PM",179
201608,B,"M,T,W,R,F 1:00 PM - 4:00 PM",336
201608,A,"M,T,W,R,F 4:00 PM - 6:00 PM",219
201608,B,"M,T,W,R,F 4:00 PM - 6:00 PM",373
201608,A,"M,T,W,R,F 6:00 PM - 8:00 PM",295
201608,B,"M,T,W,R,F 6:00 PM - 8:00 PM",457
201608,A,"S,Su 6:00 AM - 8:00 AM",81
201608,B,"S,Su 6:00 AM - 8:00 AM",0
201608,A,"S,Su 8:00 AM - 1:00 PM",237
201608,B,"S,Su 8:00 AM - 1:00 PM",317
201608,A,"S,Su 1:00 PM - 8:00 PM",410
201608,B,"S,Su 1:00 PM - 8:00 PM",480
201609,A,"M,T,W,R,F,S,Su 8:00 PM - 11:00 PM",493
201609,B,"M,T,W,R,F,S,Su 8:00 PM - 11:00 PM",862
201609,A,"M,T,W,R,F,S,Su 11:00 PM - 1:00 AM",305
201609,B,"M,T,W,R,F,S,Su 11:00 PM - 1:00 AM",462
201609,A,"M,T,W,R,F,S,Su 1:00 AM - 6:00 AM",159
201609,B,"M,T,W,R,F,S,Su 1:00 AM - 6:00 AM",285
201609,A,"M,T,W,R,F 6:00 AM - 10:00 AM",90
201609,B,"M,T,W,R,F 6:00 AM - 10:00 AM",131
201609,A,"M,T,W,R,F 10:00 AM - 1:00 PM",134
201609,B,"M,T,W,R,F 10:00 AM - 1:00 PM",261
201609,A,"M,T,W,R,F 1:00 PM - 4:00 PM",161
201609,B,"M,T,W,R,F 1:00 PM - 4:00 PM",329
201609,A,"M,T,W,R,F 4:00 PM - 6:00 PM",173
201609,B,"M,T,W,R,F 4:00 PM - 6:00 PM",387
201609,A,"M,T,W,R,F 6:00 PM - 8:00 PM",237
201609,B,"M,T,W,R,F 6:00 PM - 8:00 PM",511
201609,A,"S,Su 6:00 AM - 8:00 AM",86
201609,B,"S,Su 6:00 AM - 8:00 AM",0
201609,A,"S,Su 8:00 AM - 1:00 PM",162
201609,B,"S,Su 8:00 AM - 1:00 PM",326
201609,A,"S,Su 1:00 PM - 8:00 PM",228
201609,B,"S,Su 1:00 PM - 8:00 PM",476
201610,A,"M,T,W,R,F,S,Su 8:00 PM - 11:00 PM",459
201610,B,"M,T,W,R,F,S,Su 8:00 PM - 11:00 PM",887
201610,A,"M,T,W,R,F,S,Su 11:00 PM - 1:00 AM",284
201610,B,"M,T,W,R,F,S,Su 11:00 PM - 1:00 AM",456
201610,A,"M,T,W,R,F,S,Su 1:00 AM - 6:00 AM",155
201610,B,"M,T,W,R,F,S,Su 1:00 AM - 6:00 AM",267
201610,A,"M,T,W,R,F 6:00 AM - 10:00 AM",70
201610,B,"M,T,W,R,F 6:00 AM - 10:00 AM",109
201610,A,"M,T,W,R,F 10:00 AM - 1:00 PM",115
201610,B,"M,T,W,R,F 10:00 AM - 1:00 PM",225
201610,A,"M,T,W,R,F 1:00 PM - 4:00 PM",145
201610,B,"M,T,W,R,F 1:00 PM - 4:00 PM",319
201610,A,"M,T,W,R,F 4:00 PM - 6:00 PM",159
201610,B,"M,T,W,R,F 4:00 PM - 6:00 PM",374
201610,A,"M,T,W,R,F 6:00 PM - 8:00 PM",227
201610,B,"M,T,W,R,F 6:00 PM - 8:00 PM",465
201610,A,"S,Su 6:00 AM - 8:00 AM",85
201610,B,"S,Su 6:00 AM - 8:00 AM",0
201610,A,"S,Su 8:00 AM - 1:00 PM",160
201610,B,"S,Su 8:00 AM - 1:00 PM",310
201610,A,"S,Su 1:00 PM - 8:00 PM",229
201610,B,"S,Su 1:00 PM - 8:00 PM",512
201611,A,"M,T,W,R,F,S,Su 8:00 PM - 11:00 PM",589
201611,B,"M,T,W,R,F,S,Su 8:00 PM - 11:00 PM",1052
201611,A,"M,T,W,R,F,S,Su 11:00 PM - 1:00 AM",345
201611,B,"M,T,W,R,F,S,Su 11:00 PM - 1:00 AM",501
201611,A,"M,T,W,R,F,S,Su 1:00 AM - 6:00 AM",190
201611,B,"M,T,W,R,F,S,Su 1:00 AM - 6:00 AM",296
201611,A,"M,T,W,R,F 6:00 AM - 10:00 AM",83
201611,B,"M,T,W,R,F 6:00 AM - 10:00 AM",124
201611,A,"M,T,W,R,F 10:00 AM - 1:00 PM",119
201611,B,"M,T,W,R,F 10:00 AM - 1:00 PM",251
201611,A,"M,T,W,R,F 1:00 PM - 4:00 PM",146
201611,B,"M,T,W,R,F 1:00 PM - 4:00 PM",306
201611,A,"M,T,W,R,F 4:00 PM - 6:00 PM",164
201611,B,"M,T,W,R,F 4:00 PM - 6:00 PM",392
201611,A,"M,T,W,R,F 6:00 PM - 8:00 PM",251
201611,B,"M,T,W,R,F 6:00 PM - 8:00 PM",577
201611,A,"S,Su 6:00 AM - 8:00 AM",92
201611,B,"S,Su 6:00 AM - 8:00 AM",0
201611,A,"S,Su 8:00 AM - 1:00 PM",189
201611,B,"S,Su 8:00 AM - 1:00 PM",368
201611,A,"S,Su 1:00 PM - 8:00 PM",306
201611,B,"S,Su 1:00 PM - 8:00 PM",547
201612,A,"M,T,W,R,F,S,Su 8:00 PM - 11:00 PM",532
201612,B,"M,T,W,R,F,S,Su 8:00 PM - 11:00 PM",1141
201612,A,"M,T,W,R,F,S,Su 11:00 PM - 1:00 AM",348
201612,B,"M,T,W,R,F,S,Su 11:00 PM - 1:00 AM",554
201612,A,"M,T,W,R,F,S,Su 1:00 AM - 6:00 AM",177
201612,B,"M,T,W,R,F,S,Su 1:00 AM - 6:00 AM",326
201612,A,"M,T,W,R,F 6:00 AM - 10:00 AM",89
201612,B,"M,T,W,R,F 6:00 AM - 10:00 AM",134
201612,A,"M,T,W,R,F 10:00 AM - 1:00 PM",128
201612,B,"M,T,W,R,F 10:00 AM - 1:00 PM",248
201612,A,"M,T,W,R,F 1:00 PM - 4:00 PM",157
201612,B,"M,T,W,R,F 1:00 PM - 4:00 PM",312
201612,A,"M,T,W,R,F 4:00 PM - 6:00 PM",176
201612,B,"M,T,W,R,F 4:00 PM - 6:00 PM",413
201612,A,"M,T,W,R,F 6:00 PM - 8:00 PM",232
201612,B,"M,T,W,R,F 6:00 PM - 8:00 PM",591
201612,A,"S,Su 6:00 AM - 8:00 AM",101
201612,B,"S,Su 6:00 AM - 8:00 AM",0
201612,A,"S,Su 8:00 AM - 1:00 PM",198
201612,B,"S,Su 8:00 AM - 1:00 PM",436
201612,A,"S,Su 1:00 PM - 8:00 PM",272
201612,B,"S,Su 1:00 PM - 8:00 PM",628
201701,A,"M,T,W,R,F,S,Su 8:00 PM - 11:00 PM",559
201701,B,"M,T,W,R,F,S,Su 8:00 PM - 11:00 PM",1273
201701,A,"M,T,W,R,F,S,Su 11:00 PM - 1:00 AM",340
201701,B,"M,T,W,R,F,S,Su 11:00 PM - 1:00 AM",583
201701,A,"M,T,W,R,F,S,Su 1:00 AM - 6:00 AM",172
201701,B,"M,T,W,R,F,S,Su 1:00 AM - 6:00 AM",323
201701,A,"M,T,W,R,F 6:00 AM - 10:00 AM",75
201701,B,"M,T,W,R,F 6:00 AM - 10:00 AM",162
201701,A,"M,T,W,R,F 10:00 AM - 1:00 PM",107
201701,B,"M,T,W,R,F 10:00 AM - 1:00 PM",305
201701,A,"M,T,W,R,F 1:00 PM - 4:00 PM",141
201701,B,"M,T,W,R,F 1:00 PM - 4:00 PM",373
201701,A,"M,T,W,R,F 4:00 PM - 6:00 PM",170
201701,B,"M,T,W,R,F 4:00 PM - 6:00 PM",433
201701,A,"M,T,W,R,F 6:00 PM - 8:00 PM",259
201701,B,"M,T,W,R,F 6:00 PM - 8:00 PM",639
201701,A,"S,Su 6:00 AM - 8:00 AM",83
201701,B,"S,Su 6:00 AM - 8:00 AM",184
201701,A,"S,Su 8:00 AM - 1:00 PM",173
201701,B,"S,Su 8:00 AM - 1:00 PM",424
201701,A,"S,Su 1:00 PM - 8:00 PM",289
201701,B,"S,Su 1:00 PM - 8:00 PM",675
201702,A,"M,T,W,R,F,S,Su 8:00 PM - 11:00 PM",474
201702,B,"M,T,W,R,F,S,Su 8:00 PM - 11:00 PM",1147
201702,A,"M,T,W,R,F,S,Su 11:00 PM - 1:00 AM",310
201702,B,"M,T,W,R,F,S,Su 11:00 PM - 1:00 AM",529
201702,A,"M,T,W,R,F,S,Su 1:00 AM - 6:00 AM",148
201702,B,"M,T,W,R,F,S,Su 1:00 AM - 6:00 AM",294
201702,A,"M,T,W,R,F 6:00 AM - 10:00 AM",65
201702,B,"M,T,W,R,F 6:00 AM - 10:00 AM",171
201702,A,"M,T,W,R,F 10:00 AM - 1:00 PM",85
201702,B,"M,T,W,R,F 10:00 AM - 1:00 PM",267
201702,A,"M,T,W,R,F 1:00 PM - 4:00 PM",107
201702,B,"M,T,W,R,F 1:00 PM - 4:00 PM",351
201702,A,"M,T,W,R,F 4:00 PM - 6:00 PM",136
201702,B,"M,T,W,R,F 4:00 PM - 6:00 PM",426
201702,A,"M,T,W,R,F 6:00 PM - 8:00 PM",216
201702,B,"M,T,W,R,F 6:00 PM - 8:00 PM",627
201702,A,"S,Su 6:00 AM - 8:00 AM",92
201702,B,"S,Su 6:00 AM - 8:00 AM",180
201702,A,"S,Su 8:00 AM - 1:00 PM",148
201702,B,"S,Su 8:00 AM - 1:00 PM",437
201702,A,"S,Su 1:00 PM - 8:00 PM",268
201702,B,"S,Su 1:00 PM - 8:00 PM",643
201703,A,"M,T,W,R,F,S,Su 8:00 PM - 11:00 PM",482
201703,B,"M,T,W,R,F,S,Su 8:00 PM - 11:00 PM",1102
201703,A,"M,T,W,R,F,S,Su 11:00 PM - 1:00 AM",302
201703,B,"M,T,W,R,F,S,Su 11:00 PM - 1:00 AM",577
201703,A,"M,T,W,R,F,S,Su 1:00 AM - 6:00 AM",145
201703,B,"M,T,W,R,F,S,Su 1:00 AM - 6:00 AM",338
201703,A,"M,T,W,R,F 6:00 AM - 10:00 AM",69
201703,B,"M,T,W,R,F 6:00 AM - 10:00 AM",176
201703,A,"M,T,W,R,F 10:00 AM - 1:00 PM",104
201703,B,"M,T,W,R,F 10:00 AM - 1:00 PM",266
201703,A,"M,T,W,R,F 1:00 PM - 4:00 PM",122
201703,B,"M,T,W,R,F 1:00 PM - 4:00 PM",332
201703,A,"M,T,W,R,F 4:00 PM - 6:00 PM",143
201703,B,"M,T,W,R,F 4:00 PM - 6:00 PM",388
201703,A,"M,T,W,R,F 6:00 PM - 8:00 PM",199
201703,B,"M,T,W,R,F 6:00 PM - 8:00 PM",599
201703,A,"S,Su 6:00 AM - 8:00 AM",56
201703,B,"S,Su 6:00 AM - 8:00 AM",223
201703,A,"S,Su 8:00 AM - 1:00 PM",143
201703,B,"S,Su 8:00 AM - 1:00 PM",448
201703,A,"S,Su 1:00 PM - 8:00 PM",258
201703,B,"S,Su 1:00 PM - 8:00 PM",636
201704,A,"M,T,W,R,F,S,Su 8:00 PM - 11:00 PM",574
201704,B,"M,T,W,R,F,S,Su 8:00 PM - 11:00 PM",999
201704,A,"M,T,W,R,F,S,Su 11:00 PM - 1:00 AM",336
201704,B,"M,T,W,R,F,S,Su 11:00 PM - 1:00 AM",518
201704,A,"M,T,W,R,F,S,Su 1:00 AM - 6:00 AM",183
201704,B,"M,T,W,R,F,S,Su 1:00 AM - 6:00 AM",310
201704,A,"M,T,W,R,F 6:00 AM - 10:00 AM",83
201704,B,"M,T,W,R,F 6:00 AM - 10:00 AM",162
201704,A,"M,T,W,R,F 10:00 AM - 1:00 PM",120
201704,B,"M,T,W,R,F 10:00 AM - 1:00 PM",245
201704,A,"M,T,W,R,F 1:00 PM - 4:00 PM",137
201704,B,"M,T,W,R,F 1:00 PM - 4:00 PM",297
201704,A,"M,T,W,R,F 4:00 PM - 6:00 PM",156
201704,B,"M,T,W,R,F 4:00 PM - 6:00 PM",371
201704,A,"M,T,W,R,F 6:00 PM - 8:00 PM",226
201704,B,"M,T,W,R,F 6:00 PM - 8:00 PM",511
201704,A,"S,Su 6:00 AM - 8:00 AM",75
201704,B,"S,Su 6:00 AM - 8:00 AM",192
201704,A,"S,Su 8:00 AM - 1:00 PM",165
201704,B,"S,Su 8:00 AM - 1:00 PM",352
201704,A,"S,Su 1:00 PM - 8:00 PM",281
201704,B,"S,Su 1:00 PM - 8:00 PM",531
201705,A,"M,T,W,R,F,S,Su 8:00 PM - 11:00 PM",458
201705,B,"M,T,W,R,F,S,Su 8:00 PM - 11:00 PM",916
201705,A,"M,T,W,R,F,S,Su 11:00 PM - 1:00 AM",282
201705,B,"M,T,W,R,F,S,Su 11:00 PM - 1:00 AM",509
201705,A,"M,T,W,R,F 10:00 AM - 1:00 PM",115
201705,B,"M,T,W,R,F 10:00 AM - 1:00 PM",240
201705,A,"M,T,W,R,F 1:00 PM - 4:00 PM",140
201705,B,"M,T,W,R,F 1:00 PM - 4:00 PM",293
201705,A,"M,T,W,R,F 4:00 PM - 6:00 PM",158
201705,B,"M,T,W,R,F 4:00 PM - 6:00 PM",365
201705,A,"S,Su 6:00 AM - 8:00 AM",92
201705,B,"S,Su 6:00 AM - 8:00 AM",216
201705,A,"S,Su 8:00 AM - 1:00 PM",142
201705,B,"S,Su 8:00 AM - 1:00 PM",397
201705,A,"S,Su 1:00 PM - 8:00 PM",230
201705,B,"S,Su 1:00 PM - 8:00 PM",517
201705,A,"M,T,W,R,F,S,Su 1:00 AM - 6:00 AM",147
201705,B,"M,T,W,R,F,S,Su 1:00 AM - 6:00 AM",322
201705,A,"M,T,W,R,F 6:00 AM - 10:00 AM",78
201705,B,"M,T,W,R,F 6:00 AM - 10:00 AM",162
201705,A,"M,T,W,R,F 6:00 PM - 8:00 PM",213
201705,B,"M,T,W,R,F 6:00 PM - 8:00 PM",470
201706,A,"M,T,W,R,F,S,Su 8:00 PM - 11:00 PM",446
201706,B,"M,T,W,R,F,S,Su 8:00 PM - 11:00 PM",855
201706,A,"M,T,W,R,F,S,Su 11:00 PM - 1:00 AM",273
201706,B,"M,T,W,R,F,S,Su 11:00 PM - 1:00 AM",520
201706,A,"M,T,W,R,F 10:00 AM - 1:00 PM",110
201706,B,"M,T,W,R,F 10:00 AM - 1:00 PM",256
201706,A,"M,T,W,R,F 1:00 PM - 4:00 PM",142
201706,B,"M,T,W,R,F 1:00 PM - 4:00 PM",307
201706,A,"M,T,W,R,F 4:00 PM - 6:00 PM",155
201706,B,"M,T,W,R,F 4:00 PM - 6:00 PM",345
201706,A,"S,Su 6:00 AM - 8:00 AM",80
201706,B,"S,Su 6:00 AM - 8:00 AM",197
201706,A,"S,Su 8:00 AM - 1:00 PM",151
201706,B,"S,Su 8:00 AM - 1:00 PM",368
201706,A,"S,Su 1:00 PM - 8:00 PM",229
201706,B,"S,Su 1:00 PM - 8:00 PM",508
201706,A,"M,T,W,R,F,S,Su 1:00 AM - 6:00 AM",150
201706,B,"M,T,W,R,F,S,Su 1:00 AM - 6:00 AM",319
201706,A,"M,T,W,R,F 6:00 AM - 10:00 AM",76
201706,B,"M,T,W,R,F 6:00 AM - 10:00 AM",176
201706,A,"M,T,W,R,F 6:00 PM - 8:00 PM",221
201706,B,"M,T,W,R,F 6:00 PM - 8:00 PM",475
201707,A,"M,T,W,R,F,S,Su 8:00 PM - 11:00 PM",465
201707,B,"M,T,W,R,F,S,Su 8:00 PM - 11:00 PM",998
201707,A,"M,T,W,R,F,S,Su 11:00 PM - 1:00 AM",301
201707,B,"M,T,W,R,F,S,Su 11:00 PM - 1:00 AM",570
201707,A,"M,T,W,R,F 10:00 AM - 1:00 PM",121
201707,B,"M,T,W,R,F 10:00 AM - 1:00 PM",318
201707,A,"M,T,W,R,F 1:00 PM - 4:00 PM",146
201707,B,"M,T,W,R,F 1:00 PM - 4:00 PM",385
201707,A,"M,T,W,R,F 4:00 PM - 6:00 PM",163
201707,B,"M,T,W,R,F 4:00 PM - 6:00 PM",433
201707,A,"S,Su 6:00 AM - 8:00 AM",94
201707,B,"S,Su 6:00 AM - 8:00 AM",221
201707,A,"S,Su 8:00 AM - 1:00 PM",169
201707,B,"S,Su 8:00 AM - 1:00 PM",428
201707,A,"S,Su 1:00 PM - 8:00 PM",245
201707,B,"S,Su 1:00 PM - 8:00 PM",637
201707,A,"M,T,W,R,F,S,Su 1:00 AM - 6:00 AM",158
201707,B,"M,T,W,R,F,S,Su 1:00 AM - 6:00 AM",346
201707,A,"M,T,W,R,F 6:00 AM - 10:00 AM",86
201707,B,"M,T,W,R,F 6:00 AM - 10:00 AM",189
201707,A,"M,T,W,R,F 6:00 PM - 8:00 PM",230
201707,B,"M,T,W,R,F 6:00 PM - 8:00 PM",562
201708,A,"M,T,W,R,F,S,Su 8:00 PM - 11:00 PM",432
201708,B,"M,T,W,R,F,S,Su 8:00 PM - 11:00 PM",806
201708,A,"M,T,W,R,F,S,Su 11:00 PM - 1:00 AM",265
201708,B,"M,T,W,R,F,S,Su 11:00 PM - 1:00 AM",419
201708,A,"M,T,W,R,F 10:00 AM - 1:00 PM",91
201708,B,"M,T,W,R,F 10:00 AM - 1:00 PM",247
201708,A,"M,T,W,R,F 1:00 PM - 4:00 PM",124
201708,B,"M,T,W,R,F 1:00 PM - 4:00 PM",330
201708,A,"M,T,W,R,F 4:00 PM - 6:00 PM",151
201708,B,"M,T,W,R,F 4:00 PM - 6:00 PM",376
201708,A,"S,Su 6:00 AM - 8:00 AM",69
201708,B,"S,Su 6:00 AM - 8:00 AM",197
201708,A,"S,Su 8:00 AM - 1:00 PM",135
201708,B,"S,Su 8:00 AM - 1:00 PM",329
201708,A,"S,Su 1:00 PM - 8:00 PM",218
201708,B,"S,Su 1:00 PM - 8:00 PM",483
201708,A,"M,T,W,R,F,S,Su 1:00 AM - 6:00 AM",127
201708,B,"M,T,W,R,F,S,Su 1:00 AM - 6:00 AM",271
201708,A,"M,T,W,R,F 6:00 AM - 10:00 AM",60
201708,B,"M,T,W,R,F 6:00 AM - 10:00 AM",165
201708,A,"M,T,W,R,F 6:00 PM - 8:00 PM",215
201708,B,"M,T,W,R,F 6:00 PM - 8:00 PM",464
201709,A,"M,T,W,R,F,S,Su 8:00 PM - 11:00 PM",404
201709,B,"M,T,W,R,F,S,Su 8:00 PM - 11:00 PM",663
201709,A,"M,T,W,R,F,S,Su 11:00 PM - 1:00 AM",257
201709,B,"M,T,W,R,F,S,Su 11:00 PM - 1:00 AM",373
201709,A,"M,T,W,R,F 10:00 AM - 1:00 PM",103
201709,B,"M,T,W,R,F 10:00 AM - 1:00 PM",245
201709,A,"M,T,W,R,F 1:00 PM - 4:00 PM",128
201709,B,"M,T,W,R,F 1:00 PM - 4:00 PM",308
201709,A,"M,T,W,R,F 4:00 PM - 6:00 PM",144
201709,B,"M,T,W,R,F 4:00 PM - 6:00 PM",336
201709,A,"S,Su 6:00 AM - 8:00 AM",60
201709,B,"S,Su 6:00 AM - 8:00 AM",188
201709,A,"S,Su 8:00 AM - 1:00 PM",140
201709,B,"S,Su 8:00 AM - 1:00 PM",314
201709,A,"S,Su 1:00 PM - 8:00 PM",178
201709,B,"S,Su 1:00 PM - 8:00 PM",407
201709,A,"M,T,W,R,F,S,Su 1:00 AM - 6:00 AM",126
201709,B,"M,T,W,R,F,S,Su 1:00 AM - 6:00 AM",245
201709,A,"M,T,W,R,F 6:00 AM - 10:00 AM",66
201709,B,"M,T,W,R,F 6:00 AM - 10:00 AM",154
201709,A,"M,T,W,R,F 6:00 PM - 8:00 PM",201
201709,B,"M,T,W,R,F 6:00 PM - 8:00 PM",395
201710,A,"M,T,W,R,F,S,Su 8:00 PM - 11:00 PM",461
201710,B,"M,T,W,R,F,S,Su 8:00 PM - 11:00 PM",849
201710,A,"M,T,W,R,F,S,Su 11:00 PM - 1:00 AM",283
201710,B,"M,T,W,R,F,S,Su 11:00 PM - 1:00 AM",443
201710,A,"M,T,W,R,F 6:00 AM - 10:00 AM",76
201710,B,"M,T,W,R,F 6:00 AM - 10:00 AM",144
201710,A,"M,T,W,R,F 10:00 AM - 1:00 PM",104
201710,B,"M,T,W,R,F 10:00 AM - 1:00 PM",240
201710,A,"M,T,W,R,F 1:00 PM - 4:00 PM",134
201710,B,"M,T,W,R,F 1:00 PM - 4:00 PM",311
201710,A,"M,T,W,R,F 4:00 PM - 6:00 PM",139
201710,B,"M,T,W,R,F 4:00 PM - 6:00 PM",339
201710,A,"M,T,W,R,F 6:00 PM - 8:00 PM",210
201710,B,"M,T,W,R,F 6:00 PM - 8:00 PM",459
201710,A,"M,T,W,R,F,S,Su 1:00 AM - 6:00 AM",153
201710,B,"M,T,W,R,F,S,Su 1:00 AM - 6:00 AM",273
201710,A,"S,Su 6:00 AM - 8:00 AM",75
201710,B,"S,Su 6:00 AM - 8:00 AM",211
201710,A,"S,Su 8:00 AM - 1:00 PM",167
201710,B,"S,Su 8:00 AM - 1:00 PM",373
201710,A,"S,Su 1:00 PM - 8:00 PM",243
201710,B,"S,Su 1:00 PM - 8:00 PM",516
201711,A,"M,T,W,R,F,S,Su 8:00 PM - 11:00 PM",542
201711,B,"M,T,W,R,F,S,Su 8:00 PM - 11:00 PM",943
201711,A,"M,T,W,R,F,S,Su 11:00 PM - 1:00 AM",314
201711,B,"M,T,W,R,F,S,Su 11:00 PM - 1:00 AM",450
201711,A,"M,T,W,R,F 6:00 AM - 10:00 AM",80
201711,B,"M,T,W,R,F 6:00 AM - 10:00 AM",167
201711,A,"M,T,W,R,F 10:00 AM - 1:00 PM",104
201711,B,"M,T,W,R,F 10:00 AM - 1:00 PM",269
201711,A,"M,T,W,R,F 1:00 PM - 4:00 PM",135
201711,B,"M,T,W,R,F 1:00 PM - 4:00 PM",327
201711,A,"M,T,W,R,F 4:00 PM - 6:00 PM",174
201711,B,"M,T,W,R,F 4:00 PM - 6:00 PM",370
201711,A,"M,T,W,R,F 6:00 PM - 8:00 PM",228
201711,B,"M,T,W,R,F 6:00 PM - 8:00 PM",517
201711,A,"M,T,W,R,F,S,Su 1:00 AM - 6:00 AM",161
201711,B,"M,T,W,R,F,S,Su 1:00 AM - 6:00 AM",263
201711,A,"S,Su 6:00 AM - 8:00 AM",78
201711,B,"S,Su 6:00 AM - 8:00 AM",226
201711,A,"S,Su 8:00 AM - 1:00 PM",160
201711,B,"S,Su 8:00 AM - 1:00 PM",353
201711,A,"S,Su 1:00 PM - 8:00 PM",261
201711,B,"S,Su 1:00 PM - 8:00 PM",561
201712,A,"M,T,W,R,F,S,Su 8:00 PM - 11:00 PM",501
201712,B,"M,T,W,R,F,S,Su 8:00 PM - 11:00 PM",986
201712,A,"M,T,W,R,F,S,Su 11:00 PM - 1:00 AM",283
201712,B,"M,T,W,R,F,S,Su 11:00 PM - 1:00 AM",485
201712,A,"M,T,W,R,F 6:00 AM - 10:00 AM",76
201712,B,"M,T,W,R,F 6:00 AM - 10:00 AM",176
201712,A,"M,T,W,R,F 10:00 AM - 1:00 PM",110
201712,B,"M,T,W,R,F 10:00 AM - 1:00 PM",276
201712,A,"M,T,W,R,F 1:00 PM - 4:00 PM",143
201712,B,"M,T,W,R,F 1:00 PM - 4:00 PM",337
201712,A,"M,T,W,R,F 4:00 PM - 6:00 PM",179
201712,B,"M,T,W,R,F 4:00 PM - 6:00 PM",370
201712,A,"M,T,W,R,F 6:00 PM - 8:00 PM",243
201712,B,"M,T,W,R,F 6:00 PM - 8:00 PM",564
201712,A,"M,T,W,R,F,S,Su 1:00 AM - 6:00 AM",144
201712,B,"M,T,W,R,F,S,Su 1:00 AM - 6:00 AM",290
201712,A,"S,Su 6:00 AM - 8:00 AM",75
201712,B,"S,Su 6:00 AM - 8:00 AM",201
201712,A,"S,Su 8:00 AM - 1:00 PM",151
201712,B,"S,Su 8:00 AM - 1:00 PM",410
201712,A,"S,Su 1:00 PM - 8:00 PM",243
201712,B,"S,Su 1:00 PM - 8:00 PM",558
